year,country,Share of GDP (%),Total spending ($US billion),GDP ($US billion),5p target,Shortfall
2000-01-01,Africa,1.614,18.244,1130.3594,56.518,38.274
2000-01-01,Algeria,2.511,2.097,83.5125,4.176,2.079
2000-01-01,Angola,1.111,0.243,21.8722,1.094,0.851
2000-01-01,Benin,0.807,0.053,6.5675,0.328,0.275
2000-01-01,Botswana,3.254,0.276,8.4819,0.424,0.148
2000-01-01,Burkina Faso,0.961,0.058,6.0354,0.302,0.244
2000-01-01,Burundi,1.465,0.026,1.7747,0.089,0.063
2000-01-01,Cabo Verde Republic of,3.161,0.029,0.9174,0.046,0.017
2000-01-01,Cameroon,0.645,0.124,19.2248,0.961,0.837
2000-01-01,Central African Republic,1.72,0.038,2.2093,0.11,0.072
2000-01-01,Chad,2.076,0.073,3.5164,0.176,0.103
2000-01-01,Comoros,0.892,0.006,0.6726,0.034,0.028
2000-01-01,Congo,0.515,0.044,8.5437,0.427,0.383
2000-01-01,Côte d'Ivoire,0.587,0.187,31.8569,1.593,1.406
2000-01-01,Democratic Republic of the Congo,0.062,0.011,17.7419,0.887,0.876
2000-01-01,Djibouti,1.411,0.018,1.2757,0.064,0.046
2000-01-01,Egypt,1.732,2.871,165.7621,8.288,5.417
2000-01-01,Equatorial Guinea,0.319,0.011,3.4483,0.172,0.161
2000-01-01,Eritrea,2.052,0.028,1.3645,0.068,0.04
2000-01-01,Eswatini,2.411,0.055,2.2812,0.114,0.059
2000-01-01,Ethiopia,1.8,0.319,17.7222,0.886,0.567
2000-01-01,Gabon,1.064,0.104,9.7744,0.489,0.385
2000-01-01,Gambia,0.602,0.006,0.9967,0.05,0.044
2000-01-01,Ghana,0.776,0.176,22.6804,1.134,0.958
2000-01-01,Guinea,0.301,0.017,5.6478,0.282,0.265
2000-01-01,Guinea-Bissau,3.149,0.024,0.7621,0.038,0.014
2000-01-01,Kenya,0.999,0.443,44.3443,2.217,1.774
2000-01-01,Lesotho,3.165,0.045,1.4218,0.071,0.026
2000-01-01,Libya,1.617,1.031,63.76,3.188,2.157
2000-01-01,Madagascar,1.768,0.145,8.2014,0.41,0.265
2000-01-01,Malawi,1.015,0.052,5.1232,0.256,0.204
2000-01-01,Mali,1.293,0.09,6.9606,0.348,0.258
2000-01-01,Mauritania,0.47,0.019,4.0426,0.202,0.183
2000-01-01,Mauritius,1.529,0.1,6.5402,0.327,0.227
2000-01-01,Morocco,0.936,0.556,59.4017,2.97,2.414
2000-01-01,Mozambique,1.139,0.047,4.1264,0.206,0.159
2000-01-01,Namibia,4.814,0.292,6.0656,0.303,0.011
2000-01-01,Niger,1.13,0.056,4.9558,0.248,0.192
2000-01-01,Nigeria,0.586,0.841,143.5154,7.176,6.335
2000-01-01,Rwanda,0.646,0.017,2.6316,0.132,0.115
2000-01-01,Sao Tome and Principe,3.441,0.007,0.2034,0.01,0.003
2000-01-01,Senegal,1.253,0.141,11.253,0.563,0.422
2000-01-01,Seychelles,3.786,0.028,0.7396,0.037,0.009
2000-01-01,Sierra Leone,2.078,0.025,1.2031,0.06,0.035
2000-01-01,South Africa,2.685,5.966,222.1974,11.11,5.144
2000-01-01,South Sudan,,,,,
2000-01-01,Sudan,1.22,0.294,24.0984,1.205,0.911
2000-01-01,Togo,0.291,0.011,3.7801,0.189,0.178
2000-01-01,Tunisia,2.535,0.667,26.3116,1.316,0.649
2000-01-01,Uganda,1.269,0.142,11.1899,0.559,0.417
2000-01-01,United Republic of Tanzania,0.746,0.138,18.4987,0.925,0.787
2000-01-01,Zambia,3.182,0.198,6.2225,0.311,0.113
2001-01-01,Africa,1.71,20.165,1179.2398,58.962,38.797
2001-01-01,Algeria,2.925,2.517,86.0513,4.303,1.786
2001-01-01,Angola,2.046,0.467,22.825,1.141,0.674
2001-01-01,Benin,0.927,0.065,7.0119,0.351,0.286
2001-01-01,Botswana,3.505,0.304,8.6733,0.434,0.13
2001-01-01,Burkina Faso,0.972,0.062,6.3786,0.319,0.257
2001-01-01,Burundi,1.692,0.031,1.8322,0.092,0.061
2001-01-01,Cabo Verde Republic of,3.47,0.034,0.9798,0.049,0.015
2001-01-01,Cameroon,0.78,0.155,19.8718,0.994,0.839
2001-01-01,Central African Republic,1.517,0.034,2.2413,0.112,0.078
2001-01-01,Chad,1.846,0.073,3.9545,0.198,0.125
2001-01-01,Comoros,0.535,0.004,0.7477,0.037,0.033
2001-01-01,Congo,0.965,0.079,8.1865,0.409,0.33
2001-01-01,Côte d'Ivoire,0.51,0.162,31.7647,1.588,1.426
2001-01-01,Democratic Republic of the Congo,0.106,0.018,16.9811,0.849,0.831
2001-01-01,Djibouti,1.252,0.017,1.3578,0.068,0.051
2001-01-01,Egypt,1.848,3.171,171.5909,8.58,5.409
2001-01-01,Equatorial Guinea,0.19,0.01,5.2632,0.263,0.253
2001-01-01,Eritrea,1.792,0.027,1.5067,0.075,0.048
2001-01-01,Eswatini,2.384,0.055,2.307,0.115,0.06
2001-01-01,Ethiopia,2.015,0.384,19.0571,0.953,0.569
2001-01-01,Gabon,1.263,0.126,9.9762,0.499,0.373
2001-01-01,Gambia,0.611,0.007,1.1457,0.057,0.05
2001-01-01,Ghana,1.063,0.25,23.5183,1.176,0.926
2001-01-01,Guinea,0.371,0.022,5.9299,0.296,0.274
2001-01-01,Guinea-Bissau,2.888,0.023,0.7964,0.04,0.017
2001-01-01,Kenya,1.059,0.489,46.1756,2.309,1.82
2001-01-01,Lesotho,3.982,0.058,1.4566,0.073,0.015
2001-01-01,Libya,2.138,1.4,65.4818,3.274,1.874
2001-01-01,Madagascar,1.879,0.163,8.6748,0.434,0.271
2001-01-01,Malawi,0.837,0.041,4.8984,0.245,0.204
2001-01-01,Mali,1.054,0.085,8.0645,0.403,0.318
2001-01-01,Mauritania,0.545,0.022,4.0367,0.202,0.18
2001-01-01,Mauritius,1.571,0.106,6.7473,0.337,0.231
2001-01-01,Morocco,1.003,0.638,63.6092,3.18,2.542
2001-01-01,Mozambique,1.373,0.063,4.5885,0.229,0.166
2001-01-01,Namibia,4.91,0.305,6.2118,0.311,0.006
2001-01-01,Niger,1.146,0.06,5.2356,0.262,0.202
2001-01-01,Nigeria,0.858,1.314,153.1469,7.657,6.343
2001-01-01,Rwanda,0.698,0.02,2.8653,0.143,0.123
2001-01-01,Sao Tome and Principe,3.634,0.007,0.1926,0.01,0.003
2001-01-01,Senegal,1.416,0.166,11.7232,0.586,0.42
2001-01-01,Seychelles,3.759,0.027,0.7183,0.036,0.009
2001-01-01,Sierra Leone,2.511,0.035,1.3939,0.07,0.035
2001-01-01,South Africa,2.403,5.484,228.2147,11.411,5.927
2001-01-01,South Sudan,,,,,
2001-01-01,Sudan,1.122,0.3,26.738,1.337,1.037
2001-01-01,Togo,0.325,0.012,3.6923,0.185,0.173
2001-01-01,Tunisia,2.537,0.693,27.3157,1.366,0.673
2001-01-01,Uganda,1.351,0.164,12.1392,0.607,0.443
2001-01-01,United Republic of Tanzania,1.089,0.213,19.5592,0.978,0.765
2001-01-01,Zambia,3.106,0.204,6.5679,0.328,0.124
2002-01-01,Africa,1.682,20.77,1234.8395,61.742,40.972
2002-01-01,Algeria,2.808,2.551,90.8476,4.542,1.991
2002-01-01,Angola,1.309,0.339,25.8976,1.295,0.956
2002-01-01,Benin,0.726,0.053,7.3003,0.365,0.312
2002-01-01,Botswana,3.763,0.351,9.3277,0.466,0.115
2002-01-01,Burkina Faso,1.058,0.071,6.7108,0.336,0.265
2002-01-01,Burundi,1.536,0.029,1.888,0.094,0.065
2002-01-01,Cabo Verde Republic of,3.462,0.035,1.011,0.051,0.016
2002-01-01,Cameroon,0.892,0.185,20.7399,1.037,0.852
2002-01-01,Central African Republic,1.434,0.033,2.3013,0.115,0.082
2002-01-01,Chad,2.096,0.09,4.2939,0.215,0.125
2002-01-01,Comoros,0.957,0.007,0.7315,0.037,0.03
2002-01-01,Congo,0.432,0.036,8.3333,0.417,0.381
2002-01-01,Côte d'Ivoire,0.543,0.17,31.3076,1.565,1.395
2002-01-01,Democratic Republic of the Congo,0.104,0.018,17.3077,0.865,0.847
2002-01-01,Djibouti,1.287,0.018,1.3986,0.07,0.052
2002-01-01,Egypt,1.899,3.362,177.0405,8.852,5.49
2002-01-01,Equatorial Guinea,0.159,0.01,6.2893,0.314,0.304
2002-01-01,Eritrea,2.12,0.033,1.5566,0.078,0.045
2002-01-01,Eswatini,2.423,0.058,2.3937,0.12,0.062
2002-01-01,Ethiopia,2.081,0.403,19.3657,0.968,0.565
2002-01-01,Gabon,1.2,0.12,10.0,0.5,0.38
2002-01-01,Gambia,0.542,0.006,1.107,0.055,0.049
2002-01-01,Ghana,0.697,0.171,24.5337,1.227,1.056
2002-01-01,Guinea,0.64,0.04,6.25,0.312,0.272
2002-01-01,Guinea-Bissau,1.734,0.014,0.8074,0.04,0.026
2002-01-01,Kenya,1.109,0.514,46.3481,2.317,1.803
2002-01-01,Lesotho,3.553,0.053,1.4917,0.075,0.022
2002-01-01,Libya,3.17,1.998,63.0284,3.151,1.153
2002-01-01,Madagascar,1.79,0.136,7.5978,0.38,0.244
2002-01-01,Malawi,0.975,0.049,5.0256,0.251,0.202
2002-01-01,Mali,1.11,0.092,8.2883,0.414,0.322
2002-01-01,Mauritania,0.873,0.036,4.1237,0.206,0.17
2002-01-01,Mauritius,1.687,0.115,6.8168,0.341,0.226
2002-01-01,Morocco,1.081,0.71,65.6799,3.284,2.574
2002-01-01,Mozambique,1.233,0.062,5.0284,0.251,0.189
2002-01-01,Namibia,5.127,0.339,6.6121,0.331,-0.008
2002-01-01,Niger,1.207,0.067,5.551,0.278,0.211
2002-01-01,Nigeria,0.531,0.933,175.7062,8.785,7.852
2002-01-01,Rwanda,0.759,0.024,3.1621,0.158,0.134
2002-01-01,Sao Tome and Principe,3.75,0.008,0.2133,0.011,0.003
2002-01-01,Senegal,1.34,0.157,11.7164,0.586,0.429
2002-01-01,Seychelles,3.637,0.027,0.7424,0.037,0.01
2002-01-01,Sierra Leone,2.805,0.05,1.7825,0.089,0.039
2002-01-01,South Africa,2.306,5.457,236.6435,11.832,6.375
2002-01-01,South Sudan,,,,,
2002-01-01,Sudan,1.129,0.32,28.3437,1.417,1.097
2002-01-01,Togo,0.341,0.013,3.8123,0.191,0.178
2002-01-01,Tunisia,2.651,0.733,27.6499,1.382,0.649
2002-01-01,Uganda,1.467,0.191,13.0198,0.651,0.46
2002-01-01,United Republic of Tanzania,1.332,0.28,21.021,1.051,0.771
2002-01-01,Zambia,2.958,0.203,6.8627,0.343,0.14
2003-01-01,Africa,1.784,23.245,1302.9709,65.149,41.904
2003-01-01,Algeria,2.762,2.69,97.3932,4.87,2.18
2003-01-01,Angola,1.466,0.391,26.6712,1.334,0.943
2003-01-01,Benin,0.665,0.05,7.5188,0.376,0.326
2003-01-01,Botswana,3.601,0.354,9.8306,0.492,0.138
2003-01-01,Burkina Faso,0.98,0.071,7.2449,0.362,0.291
2003-01-01,Burundi,1.355,0.026,1.9188,0.096,0.07
2003-01-01,Cabo Verde Republic of,3.301,0.036,1.0906,0.055,0.019
2003-01-01,Cameroon,0.858,0.187,21.7949,1.09,0.903
2003-01-01,Central African Republic,1.543,0.035,2.2683,0.113,0.078
2003-01-01,Chad,1.737,0.085,4.8935,0.245,0.16
2003-01-01,Comoros,0.853,0.007,0.8206,0.041,0.034
2003-01-01,Congo,0.501,0.042,8.3832,0.419,0.377
2003-01-01,Côte d'Ivoire,0.515,0.159,30.8738,1.544,1.385
2003-01-01,Democratic Republic of the Congo,0.23,0.042,18.2609,0.913,0.871
2003-01-01,Djibouti,1.504,0.021,1.3963,0.07,0.049
2003-01-01,Egypt,1.668,3.047,182.6739,9.134,6.087
2003-01-01,Equatorial Guinea,0.2,0.015,7.5,0.375,0.36
2003-01-01,Eritrea,1.669,0.025,1.4979,0.075,0.05
2003-01-01,Eswatini,2.917,0.073,2.5026,0.125,0.052
2003-01-01,Ethiopia,2.276,0.432,18.9807,0.949,0.517
2003-01-01,Gabon,1.435,0.146,10.1742,0.509,0.363
2003-01-01,Gambia,0.587,0.007,1.1925,0.06,0.053
2003-01-01,Ghana,0.823,0.213,25.8809,1.294,1.081
2003-01-01,Guinea,0.422,0.027,6.3981,0.32,0.293
2003-01-01,Guinea-Bissau,2.246,0.019,0.8459,0.042,0.023
2003-01-01,Kenya,1.125,0.537,47.7333,2.387,1.85
2003-01-01,Lesotho,3.559,0.055,1.5454,0.077,0.022
2003-01-01,Libya,2.632,1.927,73.2143,3.661,1.734
2003-01-01,Madagascar,2.138,0.179,8.3723,0.419,0.24
2003-01-01,Malawi,1.175,0.062,5.2766,0.264,0.202
2003-01-01,Mali,1.412,0.128,9.0652,0.453,0.325
2003-01-01,Mauritania,0.772,0.034,4.4041,0.22,0.186
2003-01-01,Mauritius,1.669,0.121,7.2499,0.362,0.241
2003-01-01,Morocco,0.998,0.694,69.5391,3.477,2.783
2003-01-01,Mozambique,1.228,0.066,5.3746,0.269,0.203
2003-01-01,Namibia,5.23,0.358,6.8451,0.342,-0.016
2003-01-01,Niger,1.071,0.061,5.6956,0.285,0.224
2003-01-01,Nigeria,0.93,1.788,192.2581,9.613,7.825
2003-01-01,Rwanda,2.306,0.075,3.2524,0.163,0.088
2003-01-01,Sao Tome and Principe,6.047,0.013,0.215,0.011,-0.002
2003-01-01,Senegal,1.544,0.191,12.3705,0.619,0.428
2003-01-01,Seychelles,4.146,0.028,0.6753,0.034,0.006
2003-01-01,Sierra Leone,2.2,0.043,1.9545,0.098,0.055
2003-01-01,South Africa,2.791,6.8,243.6403,12.182,5.382
2003-01-01,South Sudan,,,,,
2003-01-01,Sudan,1.263,0.38,30.0871,1.504,1.124
2003-01-01,Togo,0.377,0.015,3.9788,0.199,0.184
2003-01-01,Tunisia,2.678,0.776,28.9768,1.449,0.673
2003-01-01,Uganda,1.474,0.204,13.8399,0.692,0.488
2003-01-01,United Republic of Tanzania,1.492,0.335,22.4531,1.123,0.788
2003-01-01,Zambia,2.441,0.179,7.3331,0.367,0.188
2004-01-01,Africa,1.756,24.243,1380.5809,69.029,44.786
2004-01-01,Algeria,2.529,2.569,101.5817,5.079,2.51
2004-01-01,Angola,1.687,0.499,29.5791,1.479,0.98
2004-01-01,Benin,0.732,0.058,7.9235,0.396,0.338
2004-01-01,Botswana,3.434,0.342,9.9592,0.498,0.156
2004-01-01,Burkina Faso,1.7,0.128,7.5294,0.376,0.248
2004-01-01,Burundi,2.368,0.047,1.9848,0.099,0.052
2004-01-01,Cabo Verde Republic of,3.123,0.036,1.1527,0.058,0.022
2004-01-01,Cameroon,0.706,0.164,23.2295,1.161,0.997
2004-01-01,Central African Republic,1.474,0.033,2.2388,0.112,0.079
2004-01-01,Chad,1.918,0.126,6.5693,0.328,0.202
2004-01-01,Comoros,0.791,0.006,0.7585,0.038,0.032
2004-01-01,Congo,0.435,0.036,8.2759,0.414,0.378
2004-01-01,Côte d'Ivoire,0.56,0.175,31.25,1.562,1.387
2004-01-01,Democratic Republic of the Congo,0.186,0.037,19.8925,0.995,0.958
2004-01-01,Djibouti,1.439,0.021,1.4593,0.073,0.052
2004-01-01,Egypt,1.579,3.003,190.1837,9.509,6.506
2004-01-01,Equatorial Guinea,0.16,0.015,9.375,0.469,0.454
2004-01-01,Eritrea,1.559,0.024,1.5394,0.077,0.053
2004-01-01,Eswatini,3.024,0.078,2.5794,0.129,0.051
2004-01-01,Ethiopia,1.326,0.281,21.1916,1.06,0.779
2004-01-01,Gabon,1.36,0.14,10.2941,0.515,0.375
2004-01-01,Gambia,0.781,0.009,1.1524,0.058,0.049
2004-01-01,Ghana,0.723,0.197,27.2476,1.362,1.165
2004-01-01,Guinea,0.242,0.016,6.6116,0.331,0.315
2004-01-01,Guinea-Bissau,3.223,0.027,0.8377,0.042,0.015
2004-01-01,Kenya,1.08,0.539,49.9074,2.495,1.956
2004-01-01,Lesotho,3.454,0.055,1.5924,0.08,0.025
2004-01-01,Libya,2.226,1.724,77.4483,3.872,2.148
2004-01-01,Madagascar,2.192,0.193,8.8047,0.44,0.247
2004-01-01,Malawi,0.858,0.048,5.5944,0.28,0.232
2004-01-01,Mali,1.588,0.146,9.194,0.46,0.314
2004-01-01,Mauritania,0.707,0.032,4.5262,0.226,0.194
2004-01-01,Mauritius,1.803,0.136,7.543,0.377,0.241
2004-01-01,Morocco,1.011,0.737,72.8981,3.645,2.908
2004-01-01,Mozambique,1.167,0.068,5.8269,0.291,0.223
2004-01-01,Namibia,4.938,0.361,7.3107,0.366,0.005
2004-01-01,Niger,1.181,0.067,5.6732,0.284,0.217
2004-01-01,Nigeria,1.202,2.553,212.396,10.62,8.067
2004-01-01,Rwanda,1.929,0.067,3.4733,0.174,0.107
2004-01-01,Sao Tome and Principe,5.188,0.012,0.2313,0.012,0.0
2004-01-01,Senegal,1.627,0.21,12.9072,0.645,0.435
2004-01-01,Seychelles,3.813,0.025,0.6557,0.033,0.008
2004-01-01,Sierra Leone,2.097,0.044,2.0982,0.105,0.061
2004-01-01,South Africa,2.732,6.958,254.6852,12.734,5.776
2004-01-01,South Sudan,,,,,
2004-01-01,Sudan,1.573,0.498,31.6592,1.583,1.085
2004-01-01,Togo,0.444,0.018,4.0541,0.203,0.185
2004-01-01,Tunisia,2.658,0.818,30.775,1.539,0.721
2004-01-01,Uganda,1.368,0.2,14.6199,0.731,0.531
2004-01-01,United Republic of Tanzania,1.967,0.476,24.1993,1.21,0.734
2004-01-01,Zambia,2.415,0.19,7.8675,0.393,0.203
2005-01-01,Africa,1.696,24.801,1462.3231,73.116,48.315
2005-01-01,Algeria,2.242,2.411,107.5379,5.377,2.966
2005-01-01,Angola,1.279,0.436,34.0891,1.704,1.268
2005-01-01,Benin,0.683,0.055,8.0527,0.403,0.348
2005-01-01,Botswana,2.866,0.3,10.4676,0.523,0.223
2005-01-01,Burkina Faso,1.223,0.1,8.1766,0.409,0.309
2005-01-01,Burundi,2.062,0.043,2.0854,0.104,0.061
2005-01-01,Cabo Verde Republic of,2.953,0.036,1.2191,0.061,0.025
2005-01-01,Cameroon,0.652,0.153,23.4663,1.173,1.02
2005-01-01,Central African Republic,1.035,0.024,2.3188,0.116,0.092
2005-01-01,Chad,1.43,0.101,7.0629,0.353,0.252
2005-01-01,Comoros,0.694,0.006,0.8646,0.043,0.037
2005-01-01,Congo,0.432,0.039,9.0278,0.451,0.412
2005-01-01,Côte d'Ivoire,0.529,0.168,31.758,1.588,1.42
2005-01-01,Democratic Republic of the Congo,0.207,0.045,21.7391,1.087,1.042
2005-01-01,Djibouti,1.398,0.021,1.5021,0.075,0.054
2005-01-01,Egypt,1.589,3.158,198.7413,9.937,6.779
2005-01-01,Equatorial Guinea,0.207,0.021,10.1449,0.507,0.486
2005-01-01,Eritrea,0.853,0.013,1.524,0.076,0.063
2005-01-01,Eswatini,3.641,0.1,2.7465,0.137,0.037
2005-01-01,Ethiopia,1.728,0.412,23.8426,1.192,0.78
2005-01-01,Gabon,1.054,0.108,10.2467,0.512,0.404
2005-01-01,Gambia,0.817,0.01,1.224,0.061,0.051
2005-01-01,Ghana,1.465,0.424,28.942,1.447,1.023
2005-01-01,Guinea,0.261,0.018,6.8966,0.345,0.327
2005-01-01,Guinea-Bissau,2.689,0.024,0.8925,0.045,0.021
2005-01-01,Kenya,1.12,0.591,52.7679,2.638,2.047
2005-01-01,Lesotho,2.63,0.043,1.635,0.082,0.039
2005-01-01,Libya,1.627,1.395,85.7406,4.287,2.892
2005-01-01,Madagascar,1.939,0.179,9.2316,0.462,0.283
2005-01-01,Malawi,1.053,0.06,5.698,0.285,0.225
2005-01-01,Mali,1.397,0.137,9.8067,0.49,0.353
2005-01-01,Mauritania,0.82,0.041,5.0,0.25,0.209
2005-01-01,Mauritius,1.695,0.13,7.6696,0.383,0.253
2005-01-01,Morocco,1.103,0.83,75.2493,3.762,2.932
2005-01-01,Mozambique,1.481,0.092,6.212,0.311,0.219
2005-01-01,Namibia,4.506,0.344,7.6343,0.382,0.038
2005-01-01,Niger,1.92,0.117,6.0938,0.305,0.188
2005-01-01,Nigeria,1.141,2.594,227.3444,11.367,8.773
2005-01-01,Rwanda,1.615,0.061,3.7771,0.189,0.128
2005-01-01,Sao Tome and Principe,5.031,0.012,0.2385,0.012,0.0
2005-01-01,Senegal,1.595,0.215,13.4796,0.674,0.459
2005-01-01,Seychelles,3.62,0.026,0.7182,0.036,0.01
2005-01-01,Sierra Leone,1.721,0.037,2.1499,0.107,0.07
2005-01-01,South Africa,2.745,7.362,268.1967,13.41,6.048
2005-01-01,South Sudan,,,,,
2005-01-01,Sudan,1.6,0.535,33.4375,1.672,1.137
2005-01-01,Togo,0.504,0.019,3.7698,0.188,0.169
2005-01-01,Tunisia,2.615,0.833,31.8547,1.593,0.76
2005-01-01,Uganda,1.033,0.166,16.0697,0.803,0.637
2005-01-01,United Republic of Tanzania,2.311,0.6,25.9628,1.298,0.698
2005-01-01,Zambia,1.831,0.154,8.4107,0.421,0.267
2006-01-01,Africa,1.793,27.67,1543.2236,77.161,49.491
2006-01-01,Algeria,2.297,2.512,109.36,5.468,2.956
2006-01-01,Angola,1.444,0.549,38.0194,1.901,1.352
2006-01-01,Benin,0.719,0.06,8.3449,0.417,0.357
2006-01-01,Botswana,2.791,0.31,11.1071,0.555,0.245
2006-01-01,Burkina Faso,1.431,0.124,8.6653,0.433,0.309
2006-01-01,Burundi,2.364,0.052,2.1997,0.11,0.058
2006-01-01,Cabo Verde Republic of,2.975,0.04,1.3445,0.067,0.027
2006-01-01,Cameroon,0.648,0.158,24.3827,1.219,1.061
2006-01-01,Central African Republic,1.227,0.03,2.445,0.122,0.092
2006-01-01,Chad,0.995,0.071,7.1357,0.357,0.286
2006-01-01,Comoros,0.645,0.005,0.7752,0.039,0.034
2006-01-01,Congo,0.555,0.054,9.7297,0.486,0.432
2006-01-01,Côte d'Ivoire,0.558,0.18,32.2581,1.613,1.433
2006-01-01,Democratic Republic of the Congo,0.211,0.048,22.7488,1.137,1.089
2006-01-01,Djibouti,1.726,0.027,1.5643,0.078,0.051
2006-01-01,Egypt,1.744,3.703,212.328,10.616,6.913
2006-01-01,Equatorial Guinea,0.261,0.029,11.1111,0.556,0.527
2006-01-01,Eritrea,0.818,0.013,1.5892,0.079,0.066
2006-01-01,Eswatini,3.459,0.101,2.9199,0.146,0.045
2006-01-01,Ethiopia,1.12,0.298,26.6071,1.33,1.032
2006-01-01,Gabon,1.217,0.122,10.0247,0.501,0.379
2006-01-01,Gambia,0.885,0.01,1.1299,0.056,0.046
2006-01-01,Ghana,1.47,0.45,30.6122,1.531,1.081
2006-01-01,Guinea,0.248,0.017,6.8548,0.343,0.326
2006-01-01,Guinea-Bissau,2.488,0.023,0.9244,0.046,0.023
2006-01-01,Kenya,1.179,0.659,55.8948,2.795,2.136
2006-01-01,Lesotho,3.452,0.059,1.7092,0.085,0.026
2006-01-01,Libya,1.503,1.292,85.9614,4.298,3.006
2006-01-01,Madagascar,1.882,0.183,9.7237,0.486,0.303
2006-01-01,Malawi,0.944,0.057,6.0381,0.302,0.245
2006-01-01,Mali,1.224,0.125,10.2124,0.511,0.386
2006-01-01,Mauritania,0.676,0.04,5.9172,0.296,0.256
2006-01-01,Mauritius,1.618,0.13,8.0346,0.402,0.272
2006-01-01,Morocco,1.684,1.364,80.9976,4.05,2.686
2006-01-01,Mozambique,1.184,0.08,6.7568,0.338,0.258
2006-01-01,Namibia,4.313,0.343,7.9527,0.398,0.055
2006-01-01,Niger,2.058,0.133,6.4626,0.323,0.19
2006-01-01,Nigeria,0.902,2.188,242.5721,12.129,9.941
2006-01-01,Rwanda,1.483,0.062,4.1807,0.209,0.147
2006-01-01,Sao Tome and Principe,0.549,0.001,0.1821,0.009,0.008
2006-01-01,Senegal,1.759,0.243,13.8147,0.691,0.448
2006-01-01,Seychelles,3.443,0.027,0.7842,0.039,0.012
2006-01-01,Sierra Leone,1.084,0.025,2.3063,0.115,0.09
2006-01-01,South Africa,3.23,9.148,283.2198,14.161,5.013
2006-01-01,South Sudan,,,,,
2006-01-01,Sudan,1.777,0.633,35.6218,1.781,1.148
2006-01-01,Togo,0.564,0.022,3.9007,0.195,0.173
2006-01-01,Tunisia,2.682,0.899,33.5198,1.676,0.777
2006-01-01,Uganda,0.982,0.169,17.2098,0.86,0.691
2006-01-01,United Republic of Tanzania,2.38,0.647,27.1849,1.359,0.712
2006-01-01,Zambia,1.725,0.157,9.1014,0.455,0.298
2007-01-01,Africa,1.808,29.594,1636.8363,81.842,52.248
2007-01-01,Algeria,2.667,3.015,113.0484,5.652,2.637
2007-01-01,Angola,1.722,0.746,43.3217,2.166,1.42
2007-01-01,Benin,0.596,0.053,8.8926,0.445,0.392
2007-01-01,Botswana,3.129,0.367,11.729,0.586,0.219
2007-01-01,Burkina Faso,1.432,0.129,9.0084,0.45,0.321
2007-01-01,Burundi,2.464,0.056,2.2727,0.114,0.058
2007-01-01,Cabo Verde Republic of,2.977,0.043,1.4444,0.072,0.029
2007-01-01,Cameroon,0.569,0.144,25.3076,1.265,1.121
2007-01-01,Central African Republic,1.271,0.032,2.5177,0.126,0.094
2007-01-01,Chad,1.023,0.075,7.3314,0.367,0.292
2007-01-01,Comoros,0.566,0.005,0.8834,0.044,0.039
2007-01-01,Congo,0.587,0.053,9.029,0.451,0.398
2007-01-01,Côte d'Ivoire,0.588,0.193,32.8231,1.641,1.448
2007-01-01,Democratic Republic of the Congo,0.219,0.054,24.6575,1.233,1.179
2007-01-01,Djibouti,1.736,0.029,1.6705,0.084,0.055
2007-01-01,Egypt,1.569,3.566,227.2785,11.364,7.798
2007-01-01,Equatorial Guinea,0.29,0.037,12.7586,0.638,0.601
2007-01-01,Eritrea,1.215,0.019,1.5638,0.078,0.059
2007-01-01,Eswatini,3.754,0.114,3.0368,0.152,0.038
2007-01-01,Ethiopia,1.333,0.396,29.7074,1.485,1.089
2007-01-01,Gabon,1.233,0.132,10.7056,0.535,0.403
2007-01-01,Gambia,0.706,0.009,1.2748,0.064,0.055
2007-01-01,Ghana,1.643,0.524,31.8929,1.595,1.071
2007-01-01,Guinea,0.241,0.018,7.4689,0.373,0.355
2007-01-01,Guinea-Bissau,2.53,0.024,0.9486,0.047,0.023
2007-01-01,Kenya,1.272,0.759,59.6698,2.983,2.224
2007-01-01,Lesotho,4.639,0.083,1.7892,0.089,0.006
2007-01-01,Libya,1.61,1.47,91.3043,4.565,3.095
2007-01-01,Madagascar,1.883,0.193,10.2496,0.512,0.319
2007-01-01,Malawi,0.735,0.048,6.5306,0.327,0.279
2007-01-01,Mali,0.997,0.106,10.6319,0.532,0.426
2007-01-01,Mauritania,0.764,0.044,5.7592,0.288,0.244
2007-01-01,Mauritius,1.473,0.125,8.4861,0.424,0.299
2007-01-01,Morocco,1.806,1.515,83.887,4.194,2.679
2007-01-01,Mozambique,1.213,0.089,7.3372,0.367,0.278
2007-01-01,Namibia,4.689,0.386,8.232,0.412,0.026
2007-01-01,Niger,1.502,0.1,6.6578,0.333,0.233
2007-01-01,Nigeria,0.779,2.027,260.2054,13.01,10.983
2007-01-01,Rwanda,1.747,0.078,4.4648,0.223,0.145
2007-01-01,Sao Tome and Principe,1.664,0.005,0.3005,0.015,0.01
2007-01-01,Senegal,1.319,0.187,14.1774,0.709,0.522
2007-01-01,Seychelles,3.043,0.027,0.8873,0.044,0.017
2007-01-01,Sierra Leone,1.074,0.026,2.4209,0.121,0.095
2007-01-01,South Africa,3.3,9.848,298.4242,14.921,5.073
2007-01-01,South Sudan,,,,,
2007-01-01,Sudan,2.049,0.772,37.6769,1.884,1.112
2007-01-01,Togo,0.623,0.024,3.8523,0.193,0.169
2007-01-01,Tunisia,2.763,0.988,35.7582,1.788,0.8
2007-01-01,Uganda,1.035,0.193,18.6473,0.932,0.739
2007-01-01,United Republic of Tanzania,1.941,0.572,29.4693,1.473,0.901
2007-01-01,Zambia,0.978,0.096,9.816,0.491,0.395
2008-01-01,Africa,1.806,31.08,1720.9302,86.047,54.967
2008-01-01,Algeria,3.025,3.501,115.7355,5.787,2.286
2008-01-01,Angola,2.138,1.03,48.1759,2.409,1.379
2008-01-01,Benin,0.563,0.052,9.2362,0.462,0.41
2008-01-01,Botswana,3.668,0.444,12.1047,0.605,0.161
2008-01-01,Burkina Faso,1.361,0.13,9.5518,0.478,0.348
2008-01-01,Burundi,1.559,0.037,2.3733,0.119,0.082
2008-01-01,Cabo Verde Republic of,2.452,0.038,1.5498,0.077,0.039
2008-01-01,Cameroon,0.551,0.144,26.1343,1.307,1.163
2008-01-01,Central African Republic,0.847,0.022,2.5974,0.13,0.108
2008-01-01,Chad,0.795,0.06,7.5472,0.377,0.317
2008-01-01,Comoros,0.433,0.004,0.9238,0.046,0.042
2008-01-01,Congo,1.099,0.106,9.6451,0.482,0.376
2008-01-01,Côte d'Ivoire,0.603,0.203,33.665,1.683,1.48
2008-01-01,Democratic Republic of the Congo,0.252,0.067,26.5873,1.329,1.262
2008-01-01,Djibouti,1.832,0.032,1.7467,0.087,0.055
2008-01-01,Egypt,1.536,3.742,243.6198,12.181,8.439
2008-01-01,Equatorial Guinea,0.298,0.044,14.7651,0.738,0.694
2008-01-01,Eritrea,1.484,0.019,1.2803,0.064,0.045
2008-01-01,Eswatini,4.454,0.137,3.0759,0.154,0.017
2008-01-01,Ethiopia,0.514,0.17,33.0739,1.654,1.484
2008-01-01,Gabon,1.062,0.115,10.8286,0.541,0.426
2008-01-01,Gambia,0.729,0.009,1.2346,0.062,0.053
2008-01-01,Ghana,1.749,0.608,34.7627,1.738,1.13
2008-01-01,Guinea,0.27,0.021,7.7778,0.389,0.368
2008-01-01,Guinea-Bissau,2.214,0.022,0.9937,0.05,0.028
2008-01-01,Kenya,1.356,0.811,59.8083,2.99,2.179
2008-01-01,Lesotho,4.37,0.081,1.8535,0.093,0.012
2008-01-01,Libya,1.519,1.384,91.1126,4.556,3.172
2008-01-01,Madagascar,1.394,0.153,10.9756,0.549,0.396
2008-01-01,Malawi,1.367,0.097,7.0958,0.355,0.258
2008-01-01,Mali,0.714,0.079,11.0644,0.553,0.474
2008-01-01,Mauritania,0.888,0.051,5.7432,0.287,0.236
2008-01-01,Mauritius,1.39,0.124,8.9209,0.446,0.322
2008-01-01,Morocco,1.888,1.677,88.8242,4.441,2.764
2008-01-01,Mozambique,1.242,0.098,7.8905,0.395,0.297
2008-01-01,Namibia,4.131,0.349,8.4483,0.422,0.073
2008-01-01,Niger,1.55,0.111,7.1613,0.358,0.247
2008-01-01,Nigeria,0.661,1.844,278.9713,13.949,12.105
2008-01-01,Rwanda,1.815,0.09,4.9587,0.248,0.158
2008-01-01,Sao Tome and Principe,1.223,0.004,0.3271,0.016,0.012
2008-01-01,Senegal,1.387,0.204,14.708,0.735,0.531
2008-01-01,Seychelles,2.403,0.021,0.8739,0.044,0.023
2008-01-01,Sierra Leone,0.633,0.016,2.5276,0.126,0.11
2008-01-01,South Africa,3.385,10.423,307.9173,15.396,4.973
2008-01-01,South Sudan,,,,,
2008-01-01,Sudan,1.732,0.678,39.1455,1.957,1.279
2008-01-01,Togo,0.613,0.025,4.0783,0.204,0.179
2008-01-01,Tunisia,2.803,1.045,37.2815,1.864,0.819
2008-01-01,Uganda,0.943,0.194,20.5726,1.029,0.835
2008-01-01,United Republic of Tanzania,2.258,0.703,31.1337,1.557,0.854
2008-01-01,Zambia,0.58,0.062,10.6897,0.534,0.472
2009-01-01,Africa,1.987,35.171,1770.0554,88.503,53.332
2009-01-01,Algeria,3.799,4.469,117.6362,5.882,1.413
2009-01-01,Angola,2.6,1.263,48.5769,2.429,1.166
2009-01-01,Benin,0.747,0.071,9.5047,0.475,0.404
2009-01-01,Botswana,3.41,0.355,10.4106,0.521,0.166
2009-01-01,Burkina Faso,1.642,0.162,9.866,0.493,0.331
2009-01-01,Burundi,2.081,0.052,2.4988,0.125,0.073
2009-01-01,Cabo Verde Republic of,2.777,0.042,1.5124,0.076,0.034
2009-01-01,Cameroon,0.448,0.12,26.7857,1.339,1.219
2009-01-01,Central African Republic,0.732,0.019,2.5956,0.13,0.111
2009-01-01,Chad,0.926,0.073,7.8834,0.394,0.321
2009-01-01,Comoros,0.379,0.003,0.7916,0.04,0.037
2009-01-01,Congo,0.618,0.067,10.8414,0.542,0.475
2009-01-01,Côte d'Ivoire,0.668,0.232,34.7305,1.737,1.505
2009-01-01,Democratic Republic of the Congo,0.309,0.082,26.5372,1.327,1.245
2009-01-01,Djibouti,1.905,0.034,1.7848,0.089,0.055
2009-01-01,Egypt,1.535,3.913,254.9186,12.746,8.833
2009-01-01,Equatorial Guinea,0.588,0.088,14.966,0.748,0.66
2009-01-01,Eritrea,1.032,0.015,1.4535,0.073,0.058
2009-01-01,Eswatini,4.461,0.139,3.1159,0.156,0.017
2009-01-01,Ethiopia,0.907,0.33,36.3837,1.819,1.489
2009-01-01,Gabon,1.541,0.163,10.5775,0.529,0.366
2009-01-01,Gambia,0.906,0.012,1.3245,0.066,0.054
2009-01-01,Ghana,2.16,0.793,36.713,1.836,1.043
2009-01-01,Guinea,0.26,0.02,7.6923,0.385,0.365
2009-01-01,Guinea-Bissau,2.667,0.027,1.0124,0.051,0.024
2009-01-01,Kenya,1.46,0.902,61.7808,3.089,2.187
2009-01-01,Lesotho,4.865,0.09,1.8499,0.092,0.002
2009-01-01,Libya,2.465,2.148,87.14,4.357,2.209
2009-01-01,Madagascar,1.236,0.13,10.5178,0.526,0.396
2009-01-01,Malawi,1.056,0.081,7.6705,0.384,0.303
2009-01-01,Mali,0.666,0.077,11.5616,0.578,0.501
2009-01-01,Mauritania,0.879,0.05,5.6883,0.284,0.234
2009-01-01,Mauritius,1.58,0.146,9.2405,0.462,0.316
2009-01-01,Morocco,2.126,1.969,92.6152,4.631,2.662
2009-01-01,Mozambique,1.313,0.11,8.3778,0.419,0.309
2009-01-01,Namibia,3.458,0.293,8.4731,0.424,0.131
2009-01-01,Niger,1.538,0.113,7.3472,0.367,0.254
2009-01-01,Nigeria,0.57,1.724,302.4561,15.123,13.399
2009-01-01,Rwanda,1.882,0.099,5.2604,0.263,0.164
2009-01-01,Sao Tome and Principe,1.7,0.005,0.2941,0.015,0.01
2009-01-01,Senegal,1.407,0.213,15.1386,0.757,0.544
2009-01-01,Seychelles,2.387,0.02,0.8379,0.042,0.022
2009-01-01,Sierra Leone,0.933,0.025,2.6795,0.134,0.109
2009-01-01,South Africa,3.805,11.535,303.1537,15.158,3.623
2009-01-01,South Sudan,,,,,
2009-01-01,Sudan,2.629,1.0,38.0373,1.902,0.902
2009-01-01,Togo,0.707,0.03,4.2433,0.212,0.182
2009-01-01,Tunisia,2.975,1.143,38.4202,1.921,0.778
2009-01-01,Uganda,0.828,0.184,22.2222,1.111,0.927
2009-01-01,United Republic of Tanzania,1.485,0.487,32.7946,1.64,1.153
2009-01-01,Zambia,0.438,0.051,11.6438,0.582,0.531
2010-01-01,Africa,1.905,35.686,1873.2808,93.664,57.978
2010-01-01,Algeria,3.556,4.334,121.8785,6.094,1.76
2010-01-01,Angola,1.674,0.853,50.9558,2.548,1.695
2010-01-01,Benin,0.724,0.07,9.6685,0.483,0.413
2010-01-01,Botswana,3.607,0.413,11.45,0.572,0.159
2010-01-01,Burkina Faso,1.306,0.139,10.6432,0.532,0.393
2010-01-01,Burundi,1.985,0.052,2.6196,0.131,0.079
2010-01-01,Cabo Verde Republic of,2.831,0.044,1.5542,0.078,0.034
2010-01-01,Cameroon,0.406,0.112,27.5862,1.379,1.267
2010-01-01,Central African Republic,0.575,0.016,2.7826,0.139,0.123
2010-01-01,Chad,0.852,0.077,9.0376,0.452,0.375
2010-01-01,Comoros,0.377,0.004,1.061,0.053,0.049
2010-01-01,Congo,0.828,0.098,11.8357,0.592,0.494
2010-01-01,Côte d'Ivoire,0.588,0.208,35.3741,1.769,1.561
2010-01-01,Democratic Republic of the Congo,0.384,0.11,28.6458,1.432,1.322
2010-01-01,Djibouti,1.858,0.034,1.8299,0.091,0.057
2010-01-01,Egypt,1.368,3.667,268.0556,13.403,9.736
2010-01-01,Equatorial Guinea,0.454,0.062,13.6564,0.683,0.621
2010-01-01,Eritrea,1.027,0.016,1.5579,0.078,0.062
2010-01-01,Eswatini,4.228,0.137,3.2403,0.162,0.025
2010-01-01,Ethiopia,0.944,0.38,40.2542,2.013,1.633
2010-01-01,Gabon,1.573,0.177,11.2524,0.563,0.386
2010-01-01,Gambia,0.918,0.013,1.4161,0.071,0.058
2010-01-01,Ghana,2.369,0.938,39.5948,1.98,1.042
2010-01-01,Guinea,0.363,0.029,7.989,0.399,0.37
2010-01-01,Guinea-Bissau,1.038,0.011,1.0597,0.053,0.042
2010-01-01,Kenya,1.561,1.042,66.7521,3.338,2.296
2010-01-01,Lesotho,4.717,0.092,1.9504,0.098,0.006
2010-01-01,Libya,2.294,2.1,91.5432,4.577,2.477
2010-01-01,Madagascar,1.868,0.198,10.5996,0.53,0.332
2010-01-01,Malawi,1.132,0.093,8.2155,0.411,0.318
2010-01-01,Mali,0.669,0.082,12.2571,0.613,0.531
2010-01-01,Mauritania,0.732,0.043,5.8743,0.294,0.251
2010-01-01,Mauritius,1.995,0.192,9.6241,0.481,0.289
2010-01-01,Morocco,2.162,2.079,96.161,4.808,2.729
2010-01-01,Mozambique,1.278,0.114,8.9202,0.446,0.332
2010-01-01,Namibia,3.988,0.359,9.002,0.45,0.091
2010-01-01,Niger,1.312,0.104,7.9268,0.396,0.292
2010-01-01,Nigeria,0.448,1.509,336.8304,16.842,15.333
2010-01-01,Rwanda,2.04,0.116,5.6863,0.284,0.168
2010-01-01,Sao Tome and Principe,2.047,0.007,0.342,0.017,0.01
2010-01-01,Senegal,1.162,0.182,15.6627,0.783,0.601
2010-01-01,Seychelles,3.106,0.028,0.9015,0.045,0.017
2010-01-01,Sierra Leone,1.272,0.036,2.8302,0.142,0.106
2010-01-01,South Africa,4.0,12.497,312.425,15.621,3.124
2010-01-01,South Sudan,,,,,
2010-01-01,Sudan,1.646,0.65,39.4897,1.974,1.324
2010-01-01,Togo,1.153,0.052,4.51,0.226,0.174
2010-01-01,Tunisia,3.128,1.244,39.7698,1.988,0.744
2010-01-01,Uganda,1.098,0.262,23.8616,1.193,0.931
2010-01-01,United Republic of Tanzania,1.45,0.506,34.8966,1.745,1.239
2010-01-01,Zambia,0.841,0.108,12.8419,0.642,0.534
2011-01-01,Africa,1.94,36.779,1895.8247,94.791,58.012
2011-01-01,Algeria,3.72,4.665,125.4032,6.27,1.605
2011-01-01,Angola,1.713,0.903,52.7145,2.636,1.733
2011-01-01,Benin,0.796,0.079,9.9246,0.496,0.417
2011-01-01,Botswana,3.605,0.441,12.233,0.612,0.171
2011-01-01,Burkina Faso,1.346,0.153,11.367,0.568,0.415
2011-01-01,Burundi,3.471,0.094,2.7082,0.135,0.041
2011-01-01,Cabo Verde Republic of,2.865,0.046,1.6056,0.08,0.034
2011-01-01,Cameroon,0.573,0.163,28.4468,1.422,1.259
2011-01-01,Central African Republic,0.414,0.012,2.8986,0.145,0.133
2011-01-01,Chad,0.825,0.074,8.9697,0.448,0.374
2011-01-01,Comoros,0.957,0.009,0.9404,0.047,0.038
2011-01-01,Congo,0.651,0.079,12.1352,0.607,0.528
2011-01-01,Côte d'Ivoire,0.58,0.196,33.7931,1.69,1.494
2011-01-01,Democratic Republic of the Congo,0.347,0.107,30.8357,1.542,1.435
2011-01-01,Djibouti,2.144,0.043,2.0056,0.1,0.057
2011-01-01,Egypt,1.475,4.023,272.7458,13.637,9.614
2011-01-01,Equatorial Guinea,0.405,0.059,14.5679,0.728,0.669
2011-01-01,Eritrea,0.771,0.015,1.9455,0.097,0.082
2011-01-01,Eswatini,3.612,0.119,3.2946,0.165,0.046
2011-01-01,Ethiopia,0.381,0.171,44.8819,2.244,2.073
2011-01-01,Gabon,1.586,0.191,12.0429,0.602,0.411
2011-01-01,Gambia,1.044,0.014,1.341,0.067,0.053
2011-01-01,Ghana,2.358,1.063,45.0806,2.254,1.191
2011-01-01,Guinea,0.51,0.042,8.2353,0.412,0.37
2011-01-01,Guinea-Bissau,0.437,0.005,1.1442,0.057,0.052
2011-01-01,Kenya,1.606,1.127,70.1743,3.509,2.382
2011-01-01,Lesotho,5.371,0.11,2.048,0.102,-0.008
2011-01-01,Libya,2.544,1.156,45.4403,2.272,1.116
2011-01-01,Madagascar,1.678,0.18,10.7271,0.536,0.356
2011-01-01,Malawi,1.152,0.099,8.5938,0.43,0.331
2011-01-01,Mali,0.605,0.077,12.7273,0.636,0.559
2011-01-01,Mauritania,0.75,0.046,6.1333,0.307,0.261
2011-01-01,Mauritius,1.748,0.175,10.0114,0.501,0.326
2011-01-01,Morocco,2.255,2.282,101.1973,5.06,2.778
2011-01-01,Mozambique,1.276,0.122,9.5611,0.478,0.356
2011-01-01,Namibia,4.092,0.387,9.4575,0.473,0.086
2011-01-01,Niger,1.272,0.103,8.0975,0.405,0.302
2011-01-01,Nigeria,0.479,1.692,353.2359,17.662,15.97
2011-01-01,Rwanda,2.198,0.135,6.1419,0.307,0.172
2011-01-01,Sao Tome and Principe,2.249,0.008,0.3557,0.018,0.01
2011-01-01,Senegal,1.309,0.207,15.8136,0.791,0.584
2011-01-01,Seychelles,3.014,0.029,0.9622,0.048,0.019
2011-01-01,Sierra Leone,0.889,0.026,2.9246,0.146,0.12
2011-01-01,South Africa,4.121,13.28,322.2519,16.113,2.833
2011-01-01,South Sudan,,,,,
2011-01-01,Sudan,1.283,0.49,38.1917,1.91,1.42
2011-01-01,Togo,1.071,0.052,4.8553,0.243,0.191
2011-01-01,Tunisia,3.454,1.346,38.9693,1.948,0.602
2011-01-01,Uganda,0.909,0.234,25.7426,1.287,1.053
2011-01-01,United Republic of Tanzania,1.287,0.484,37.6068,1.88,1.396
2011-01-01,Zambia,1.204,0.162,13.4551,0.673,0.511
2012-01-01,Africa,1.938,38.86,2005.16,100.258,61.398
2012-01-01,Algeria,4.376,5.675,129.6846,6.484,0.809
2012-01-01,Angola,1.563,0.894,57.1977,2.86,1.966
2012-01-01,Benin,0.747,0.078,10.4418,0.522,0.444
2012-01-01,Botswana,4.096,0.5,12.207,0.61,0.11
2012-01-01,Burkina Faso,1.065,0.129,12.1127,0.606,0.477
2012-01-01,Burundi,2.669,0.076,2.8475,0.142,0.066
2012-01-01,Cabo Verde Republic of,3.075,0.05,1.626,0.081,0.031
2012-01-01,Cameroon,0.64,0.191,29.8438,1.492,1.301
2012-01-01,Central African Republic,0.623,0.019,3.0498,0.152,0.133
2012-01-01,Chad,0.947,0.093,9.8205,0.491,0.398
2012-01-01,Comoros,0.795,0.008,1.0063,0.05,0.042
2012-01-01,Congo,0.819,0.109,13.3089,0.665,0.556
2012-01-01,Côte d'Ivoire,0.746,0.279,37.3995,1.87,1.591
2012-01-01,Democratic Republic of the Congo,0.52,0.175,33.6538,1.683,1.508
2012-01-01,Djibouti,1.89,0.039,2.0635,0.103,0.064
2012-01-01,Egypt,1.28,3.57,278.9062,13.945,10.375
2012-01-01,Equatorial Guinea,0.524,0.083,15.8397,0.792,0.709
2012-01-01,Eritrea,0.793,0.016,2.0177,0.101,0.085
2012-01-01,Eswatini,3.413,0.119,3.4867,0.174,0.055
2012-01-01,Ethiopia,1.067,0.519,48.641,2.432,1.913
2012-01-01,Gabon,1.483,0.188,12.677,0.634,0.446
2012-01-01,Gambia,1.206,0.017,1.4096,0.07,0.053
2012-01-01,Ghana,1.972,0.964,48.8844,2.444,1.48
2012-01-01,Guinea,0.514,0.045,8.7549,0.438,0.393
2012-01-01,Guinea-Bissau,0.504,0.006,1.1905,0.06,0.054
2012-01-01,Kenya,1.626,1.194,73.4317,3.672,2.478
2012-01-01,Lesotho,4.824,0.104,2.1559,0.108,0.004
2012-01-01,Libya,,,,,
2012-01-01,Madagascar,1.49,0.165,11.0738,0.554,0.389
2012-01-01,Malawi,0.956,0.084,8.7866,0.439,0.355
2012-01-01,Mali,0.414,0.052,12.5604,0.628,0.576
2012-01-01,Mauritania,0.898,0.057,6.3474,0.317,0.26
2012-01-01,Mauritius,1.875,0.195,10.4,0.52,0.325
2012-01-01,Morocco,2.332,2.431,104.2453,5.212,2.781
2012-01-01,Mozambique,1.261,0.129,10.23,0.512,0.383
2012-01-01,Namibia,3.871,0.384,9.9199,0.496,0.112
2012-01-01,Niger,1.04,0.093,8.9423,0.447,0.354
2012-01-01,Nigeria,0.544,2.003,368.1985,18.41,16.407
2012-01-01,Rwanda,2.056,0.137,6.6634,0.333,0.196
2012-01-01,Sao Tome and Principe,2.11,0.007,0.3318,0.017,0.01
2012-01-01,Senegal,1.219,0.201,16.4889,0.824,0.623
2012-01-01,Seychelles,4.02,0.04,0.995,0.05,0.01
2012-01-01,Sierra Leone,0.952,0.033,3.4664,0.173,0.14
2012-01-01,South Africa,4.14,13.664,330.0483,16.502,2.838
2012-01-01,South Sudan,,,,,
2012-01-01,Sudan,1.493,0.474,31.7482,1.587,1.113
2012-01-01,Togo,1.209,0.062,5.1282,0.256,0.194
2012-01-01,Tunisia,3.583,1.455,40.6084,2.03,0.575
2012-01-01,Uganda,0.925,0.243,26.2703,1.314,1.071
2012-01-01,United Republic of Tanzania,1.176,0.465,39.5408,1.977,1.512
2012-01-01,Zambia,1.298,0.188,14.4838,0.724,0.536
2013-01-01,Africa,1.951,40.424,2071.9631,103.598,63.174
2013-01-01,Algeria,4.288,5.717,133.3256,6.666,0.949
2013-01-01,Angola,1.695,1.018,60.059,3.003,1.985
2013-01-01,Benin,0.765,0.086,11.2418,0.562,0.476
2013-01-01,Botswana,4.155,0.564,13.574,0.679,0.115
2013-01-01,Burkina Faso,1.612,0.207,12.8412,0.642,0.435
2013-01-01,Burundi,1.541,0.046,2.9851,0.149,0.103
2013-01-01,Cabo Verde Republic of,3.056,0.05,1.6361,0.082,0.032
2013-01-01,Cameroon,0.48,0.15,31.25,1.562,1.412
2013-01-01,Central African Republic,0.983,0.019,1.9329,0.097,0.078
2013-01-01,Chad,1.149,0.119,10.3568,0.518,0.399
2013-01-01,Comoros,0.66,0.007,1.0606,0.053,0.046
2013-01-01,Congo,0.937,0.124,13.2337,0.662,0.538
2013-01-01,Côte d'Ivoire,0.728,0.298,40.9341,2.047,1.749
2013-01-01,Democratic Republic of the Congo,0.467,0.172,36.8308,1.842,1.67
2013-01-01,Djibouti,1.807,0.04,2.2136,0.111,0.071
2013-01-01,Egypt,1.367,3.938,288.0761,14.404,10.466
2013-01-01,Equatorial Guinea,0.427,0.065,15.2225,0.761,0.696
2013-01-01,Eritrea,0.78,0.014,1.7949,0.09,0.076
2013-01-01,Eswatini,3.325,0.12,3.609,0.18,0.06
2013-01-01,Ethiopia,1.1,0.589,53.5455,2.677,2.088
2013-01-01,Gabon,1.823,0.244,13.3845,0.669,0.425
2013-01-01,Gambia,1.084,0.016,1.476,0.074,0.058
2013-01-01,Ghana,1.858,0.975,52.4758,2.624,1.649
2013-01-01,Guinea,0.489,0.045,9.2025,0.46,0.415
2013-01-01,Guinea-Bissau,0.552,0.006,1.087,0.054,0.048
2013-01-01,Kenya,1.661,1.265,76.1589,3.808,2.543
2013-01-01,Lesotho,4.65,0.102,2.1935,0.11,0.008
2013-01-01,Libya,,,,,
2013-01-01,Madagascar,1.304,0.148,11.3497,0.567,0.419
2013-01-01,Malawi,1.482,0.137,9.2443,0.462,0.325
2013-01-01,Mali,0.816,0.105,12.8676,0.643,0.538
2013-01-01,Mauritania,1.083,0.072,6.6482,0.332,0.26
2013-01-01,Mauritius,1.932,0.207,10.7143,0.536,0.329
2013-01-01,Morocco,2.327,2.536,108.9815,5.449,2.913
2013-01-01,Mozambique,1.519,0.167,10.9941,0.55,0.383
2013-01-01,Namibia,4.181,0.438,10.476,0.524,0.086
2013-01-01,Niger,1.34,0.127,9.4776,0.474,0.347
2013-01-01,Nigeria,0.489,1.898,388.1391,19.407,17.509
2013-01-01,Rwanda,2.173,0.151,6.9489,0.347,0.196
2013-01-01,Sao Tome and Principe,2.662,0.01,0.3757,0.019,0.009
2013-01-01,Senegal,1.171,0.198,16.9086,0.845,0.647
2013-01-01,Seychelles,3.205,0.034,1.0608,0.053,0.019
2013-01-01,Sierra Leone,0.806,0.033,4.0943,0.205,0.172
2013-01-01,South Africa,4.145,14.02,338.2388,16.912,2.892
2013-01-01,South Sudan,,,,,
2013-01-01,Sudan,1.152,0.373,32.3785,1.619,1.246
2013-01-01,Togo,0.992,0.054,5.4435,0.272,0.218
2013-01-01,Tunisia,3.849,1.601,41.5952,2.08,0.479
2013-01-01,Uganda,0.974,0.266,27.3101,1.366,1.1
2013-01-01,United Republic of Tanzania,1.185,0.501,42.2785,2.114,1.613
2013-01-01,Zambia,1.31,0.2,15.2672,0.763,0.563
2014-01-01,Africa,1.979,41.38,2090.955,104.548,63.168
2014-01-01,Algeria,4.715,6.524,138.3669,6.918,0.394
2014-01-01,Angola,1.318,0.83,62.9742,3.149,2.319
2014-01-01,Benin,0.575,0.069,12.0,0.6,0.531
2014-01-01,Botswana,3.99,0.573,14.3609,0.718,0.145
2014-01-01,Burkina Faso,1.627,0.218,13.3989,0.67,0.452
2014-01-01,Burundi,2.787,0.086,3.0858,0.154,0.068
2014-01-01,Cabo Verde Republic of,3.043,0.05,1.6431,0.082,0.032
2014-01-01,Cameroon,0.59,0.195,33.0508,1.653,1.458
2014-01-01,Central African Republic,0.711,0.014,1.9691,0.098,0.084
2014-01-01,Chad,1.219,0.135,11.0747,0.554,0.419
2014-01-01,Comoros,0.555,0.006,1.0811,0.054,0.048
2014-01-01,Congo,0.947,0.134,14.1499,0.707,0.573
2014-01-01,Côte d'Ivoire,0.778,0.346,44.473,2.224,1.878
2014-01-01,Democratic Republic of the Congo,0.516,0.204,39.5349,1.977,1.773
2014-01-01,Djibouti,1.765,0.041,2.3229,0.116,0.075
2014-01-01,Egypt,1.41,4.197,297.6596,14.883,10.686
2014-01-01,Equatorial Guinea,0.471,0.072,15.2866,0.764,0.692
2014-01-01,Eritrea,0.514,0.012,2.3346,0.117,0.105
2014-01-01,Eswatini,2.74,0.1,3.6496,0.182,0.082
2014-01-01,Ethiopia,0.715,0.422,59.021,2.951,2.529
2014-01-01,Gabon,1.517,0.212,13.975,0.699,0.487
2014-01-01,Gambia,1.092,0.016,1.4652,0.073,0.057
2014-01-01,Ghana,1.409,0.76,53.939,2.697,1.937
2014-01-01,Guinea,0.612,0.058,9.4771,0.474,0.416
2014-01-01,Guinea-Bissau,0.596,0.007,1.1745,0.059,0.052
2014-01-01,Kenya,1.838,1.47,79.9782,3.999,2.529
2014-01-01,Lesotho,4.954,0.111,2.2406,0.112,0.001
2014-01-01,Libya,,,,,
2014-01-01,Madagascar,1.748,0.205,11.7277,0.586,0.381
2014-01-01,Malawi,1.568,0.153,9.7577,0.488,0.335
2014-01-01,Mali,0.892,0.123,13.7892,0.689,0.566
2014-01-01,Mauritania,1.252,0.087,6.9489,0.347,0.26
2014-01-01,Mauritius,2.425,0.27,11.134,0.557,0.287
2014-01-01,Morocco,2.098,2.347,111.8684,5.593,3.246
2014-01-01,Mozambique,1.741,0.205,11.7748,0.589,0.384
2014-01-01,Namibia,3.884,0.432,11.1226,0.556,0.124
2014-01-01,Niger,1.277,0.129,10.1018,0.505,0.376
2014-01-01,Nigeria,0.446,1.839,412.3318,20.617,18.778
2014-01-01,Rwanda,2.194,0.162,7.3838,0.369,0.207
2014-01-01,Sao Tome and Principe,2.365,0.009,0.3805,0.019,0.01
2014-01-01,Senegal,1.08,0.194,17.963,0.898,0.704
2014-01-01,Seychelles,3.184,0.035,1.0992,0.055,0.02
2014-01-01,Sierra Leone,1.337,0.058,4.3381,0.217,0.159
2014-01-01,South Africa,4.374,15.002,342.9813,17.149,2.147
2014-01-01,South Sudan,,,,,
2014-01-01,Sudan,1.435,0.486,33.8676,1.693,1.207
2014-01-01,Togo,1.034,0.06,5.8027,0.29,0.23
2014-01-01,Tunisia,3.75,1.608,42.88,2.144,0.536
2014-01-01,Uganda,0.951,0.275,28.9169,1.446,1.171
2014-01-01,United Republic of Tanzania,1.199,0.541,45.1209,2.256,1.715
2014-01-01,Zambia,1.894,0.302,15.9451,0.797,0.495
2015-01-01,Africa,2.086,45.086,2161.3615,108.068,62.982
2015-01-01,Algeria,4.917,7.056,143.5021,7.175,0.119
2015-01-01,Angola,1.234,0.784,63.5332,3.177,2.393
2015-01-01,Benin,0.585,0.071,12.1368,0.607,0.536
2015-01-01,Botswana,4.135,0.565,13.6638,0.683,0.118
2015-01-01,Burkina Faso,1.456,0.202,13.8736,0.694,0.492
2015-01-01,Burundi,2.42,0.072,2.9752,0.149,0.077
2015-01-01,Cabo Verde Republic of,3.174,0.053,1.6698,0.083,0.03
2015-01-01,Cameroon,0.364,0.127,34.8901,1.745,1.618
2015-01-01,Central African Republic,0.456,0.009,1.9737,0.099,0.09
2015-01-01,Chad,0.962,0.108,11.2266,0.561,0.453
2015-01-01,Comoros,0.466,0.005,1.073,0.054,0.049
2015-01-01,Congo,1.119,0.153,13.6729,0.684,0.531
2015-01-01,Côte d'Ivoire,0.804,0.39,48.5075,2.425,2.035
2015-01-01,Democratic Republic of the Congo,0.625,0.263,42.08,2.104,1.841
2015-01-01,Djibouti,1.708,0.043,2.5176,0.126,0.083
2015-01-01,Egypt,1.581,4.914,310.8159,15.541,10.627
2015-01-01,Equatorial Guinea,0.554,0.077,13.8989,0.695,0.618
2015-01-01,Eritrea,0.74,0.014,1.8919,0.095,0.081
2015-01-01,Eswatini,2.947,0.11,3.7326,0.187,0.077
2015-01-01,Ethiopia,0.965,0.629,65.1813,3.259,2.63
2015-01-01,Gabon,1.565,0.228,14.5687,0.728,0.5
2015-01-01,Gambia,0.998,0.015,1.503,0.075,0.06
2015-01-01,Ghana,1.594,0.878,55.0816,2.754,1.876
2015-01-01,Guinea,0.429,0.042,9.7902,0.49,0.448
2015-01-01,Guinea-Bissau,0.538,0.007,1.3011,0.065,0.058
2015-01-01,Kenya,1.924,1.616,83.9917,4.2,2.584
2015-01-01,Lesotho,5.324,0.123,2.3103,0.116,-0.007
2015-01-01,Libya,,,,,
2015-01-01,Madagascar,1.99,0.24,12.0603,0.603,0.363
2015-01-01,Malawi,1.899,0.19,10.0053,0.5,0.31
2015-01-01,Mali,0.919,0.134,14.5811,0.729,0.595
2015-01-01,Mauritania,1.419,0.104,7.3291,0.366,0.262
2015-01-01,Mauritius,2.313,0.267,11.5435,0.577,0.31
2015-01-01,Morocco,1.982,2.314,116.7508,5.838,3.524
2015-01-01,Mozambique,1.816,0.228,12.5551,0.628,0.4
2015-01-01,Namibia,4.213,0.489,11.6069,0.58,0.091
2015-01-01,Niger,1.112,0.117,10.5216,0.526,0.409
2015-01-01,Nigeria,0.589,2.493,423.2598,21.163,18.67
2015-01-01,Rwanda,2.106,0.169,8.0247,0.401,0.232
2015-01-01,Sao Tome and Principe,1.689,0.007,0.4144,0.021,0.014
2015-01-01,Senegal,1.078,0.206,19.1095,0.955,0.749
2015-01-01,Seychelles,3.157,0.037,1.172,0.059,0.022
2015-01-01,Sierra Leone,1.641,0.057,3.4735,0.174,0.117
2015-01-01,South Africa,4.596,15.974,347.5631,17.378,1.404
2015-01-01,South Sudan,,,,,
2015-01-01,Sudan,2.263,0.804,35.5281,1.776,0.972
2015-01-01,Togo,0.943,0.058,6.1506,0.308,0.25
2015-01-01,Tunisia,3.372,1.459,43.2681,2.163,0.704
2015-01-01,Uganda,0.769,0.24,31.2094,1.56,1.32
2015-01-01,United Republic of Tanzania,1.257,0.602,47.8918,2.395,1.793
2015-01-01,Zambia,2.091,0.344,16.4515,0.823,0.479
2016-01-01,Africa,2.03,44.714,2202.6601,110.133,65.419
2016-01-01,Algeria,4.472,6.623,148.0993,7.405,0.782
2016-01-01,Angola,1.198,0.741,61.8531,3.093,2.352
2016-01-01,Benin,0.575,0.072,12.5217,0.626,0.554
2016-01-01,Botswana,3.837,0.562,14.6469,0.732,0.17
2016-01-01,Burkina Faso,2.389,0.352,14.7342,0.737,0.385
2016-01-01,Burundi,2.346,0.069,2.9412,0.147,0.078
2016-01-01,Cabo Verde Republic of,3.08,0.054,1.7532,0.088,0.034
2016-01-01,Cameroon,0.366,0.134,36.612,1.831,1.697
2016-01-01,Central African Republic,0.6,0.013,2.1667,0.108,0.095
2016-01-01,Chad,0.822,0.087,10.5839,0.529,0.442
2016-01-01,Comoros,0.574,0.006,1.0453,0.052,0.046
2016-01-01,Congo,1.198,0.146,12.187,0.609,0.463
2016-01-01,Côte d'Ivoire,0.853,0.443,51.9343,2.597,2.154
2016-01-01,Democratic Republic of the Congo,0.53,0.224,42.2642,2.113,1.889
2016-01-01,Djibouti,1.329,0.036,2.7088,0.135,0.099
2016-01-01,Egypt,1.566,5.087,324.8404,16.242,11.155
2016-01-01,Equatorial Guinea,0.694,0.088,12.6801,0.634,0.546
2016-01-01,Eritrea,0.733,0.015,2.0464,0.102,0.087
2016-01-01,Eswatini,2.846,0.107,3.7597,0.188,0.081
2016-01-01,Ethiopia,0.9,0.633,70.3333,3.517,2.884
2016-01-01,Gabon,2.011,0.298,14.8185,0.741,0.443
2016-01-01,Gambia,1.29,0.019,1.4729,0.074,0.055
2016-01-01,Ghana,1.3,0.741,57.0,2.85,2.109
2016-01-01,Guinea,0.664,0.072,10.8434,0.542,0.47
2016-01-01,Guinea-Bissau,0.485,0.006,1.2371,0.062,0.056
2016-01-01,Kenya,2.035,1.781,87.5184,4.376,2.595
2016-01-01,Lesotho,5.108,0.12,2.3493,0.117,-0.003
2016-01-01,Libya,,,,,
2016-01-01,Madagascar,2.372,0.298,12.5632,0.628,0.33
2016-01-01,Malawi,1.911,0.196,10.2564,0.513,0.317
2016-01-01,Mali,1.209,0.187,15.4673,0.773,0.586
2016-01-01,Mauritania,1.199,0.089,7.4229,0.371,0.282
2016-01-01,Mauritius,2.445,0.293,11.9836,0.599,0.306
2016-01-01,Morocco,2.005,2.353,117.3566,5.868,3.515
2016-01-01,Mozambique,1.742,0.227,13.031,0.652,0.425
2016-01-01,Namibia,4.372,0.507,11.5965,0.58,0.073
2016-01-01,Niger,1.101,0.123,11.1717,0.559,0.436
2016-01-01,Nigeria,0.475,1.978,416.4211,20.821,18.843
2016-01-01,Rwanda,2.234,0.19,8.5049,0.425,0.235
2016-01-01,Sao Tome and Principe,2.593,0.011,0.4242,0.021,0.01
2016-01-01,Senegal,1.068,0.217,20.3184,1.016,0.799
2016-01-01,Seychelles,3.431,0.042,1.2241,0.061,0.019
2016-01-01,Sierra Leone,1.846,0.068,3.6836,0.184,0.116
2016-01-01,South Africa,4.573,15.999,349.8579,17.493,1.494
2016-01-01,South Sudan,,,,,
2016-01-01,Sudan,1.29,0.48,37.2093,1.86,1.38
2016-01-01,Togo,0.982,0.063,6.4155,0.321,0.258
2016-01-01,Tunisia,3.436,1.504,43.7718,2.189,0.685
2016-01-01,Uganda,0.778,0.243,31.2339,1.562,1.319
2016-01-01,United Republic of Tanzania,1.61,0.824,51.1801,2.559,1.735
2016-01-01,Zambia,1.714,0.292,17.0362,0.852,0.56
2017-01-01,Africa,1.999,45.359,2269.0845,113.454,68.095
2017-01-01,Algeria,4.208,6.319,150.1663,7.508,1.189
2017-01-01,Angola,1.293,0.799,61.7943,3.09,2.291
2017-01-01,Benin,0.814,0.108,13.2678,0.663,0.555
2017-01-01,Botswana,5.016,0.764,15.2313,0.762,-0.002
2017-01-01,Burkina Faso,2.609,0.408,15.6382,0.782,0.374
2017-01-01,Burundi,2.115,0.063,2.9787,0.149,0.086
2017-01-01,Cabo Verde Republic of,3.281,0.06,1.8287,0.091,0.031
2017-01-01,Cameroon,0.141,0.053,37.5887,1.879,1.826
2017-01-01,Central African Republic,0.729,0.016,2.1948,0.11,0.094
2017-01-01,Chad,0.696,0.072,10.3448,0.517,0.445
2017-01-01,Comoros,0.676,0.008,1.1834,0.059,0.051
2017-01-01,Congo,0.968,0.113,11.6736,0.584,0.471
2017-01-01,Côte d'Ivoire,0.933,0.514,55.0911,2.755,2.241
2017-01-01,Democratic Republic of the Congo,0.398,0.174,43.7186,2.186,2.012
2017-01-01,Djibouti,1.146,0.033,2.8796,0.144,0.111
2017-01-01,Egypt,1.656,5.505,332.4275,16.621,11.116
2017-01-01,Equatorial Guinea,0.591,0.07,11.8443,0.592,0.522
2017-01-01,Eritrea,1.007,0.018,1.7875,0.089,0.071
2017-01-01,Eswatini,3.543,0.136,3.8386,0.192,0.056
2017-01-01,Ethiopia,0.861,0.668,77.5842,3.879,3.211
2017-01-01,Gabon,1.76,0.262,14.8864,0.744,0.482
2017-01-01,Gambia,1.061,0.017,1.6023,0.08,0.063
2017-01-01,Ghana,1.062,0.654,61.5819,3.079,2.425
2017-01-01,Guinea,0.601,0.072,11.98,0.599,0.527
2017-01-01,Guinea-Bissau,0.498,0.007,1.4056,0.07,0.063
2017-01-01,Kenya,1.712,1.555,90.8294,4.541,2.986
2017-01-01,Lesotho,5.407,0.124,2.2933,0.115,-0.009
2017-01-01,Libya,,,,,
2017-01-01,Madagascar,2.246,0.293,13.0454,0.652,0.359
2017-01-01,Malawi,1.719,0.183,10.6457,0.532,0.349
2017-01-01,Mali,1.178,0.192,16.2988,0.815,0.623
2017-01-01,Mauritania,1.231,0.097,7.8798,0.394,0.297
2017-01-01,Mauritius,2.474,0.309,12.4899,0.624,0.315
2017-01-01,Morocco,1.981,2.443,123.3216,6.166,3.723
2017-01-01,Mozambique,1.743,0.236,13.5399,0.677,0.441
2017-01-01,Namibia,4.058,0.466,11.4835,0.574,0.108
2017-01-01,Niger,1.885,0.221,11.7241,0.586,0.365
2017-01-01,Nigeria,0.533,2.236,419.5122,20.976,18.74
2017-01-01,Rwanda,2.229,0.198,8.8829,0.444,0.246
2017-01-01,Sao Tome and Principe,2.974,0.013,0.4371,0.022,0.009
2017-01-01,Senegal,1.011,0.22,21.7606,1.088,0.868
2017-01-01,Seychelles,3.482,0.045,1.2924,0.065,0.02
2017-01-01,Sierra Leone,0.851,0.032,3.7603,0.188,0.156
2017-01-01,South Africa,4.566,16.158,353.8765,17.694,1.536
2017-01-01,South Sudan,1.347,0.078,5.7906,0.29,0.212
2017-01-01,Sudan,1.031,0.386,37.4394,1.872,1.486
2017-01-01,Togo,1.048,0.071,6.7748,0.339,0.268
2017-01-01,Tunisia,3.35,1.499,44.7463,2.237,0.738
2017-01-01,Uganda,0.639,0.213,33.3333,1.667,1.454
2017-01-01,United Republic of Tanzania,1.578,0.862,54.6261,2.731,1.869
2017-01-01,Zambia,1.789,0.316,17.6635,0.883,0.567
2018-01-01,Africa,1.922,45.011,2341.8835,117.094,72.083
2018-01-01,Algeria,4.07,6.185,151.9656,7.598,1.413
2018-01-01,Angola,1.104,0.673,60.9601,3.048,2.375
2018-01-01,Benin,0.491,0.069,14.053,0.703,0.634
2018-01-01,Botswana,4.143,0.658,15.8822,0.794,0.136
2018-01-01,Burkina Faso,2.128,0.355,16.6823,0.834,0.479
2018-01-01,Burundi,2.163,0.065,3.0051,0.15,0.085
2018-01-01,Cabo Verde Republic of,2.928,0.061,2.0833,0.104,0.043
2018-01-01,Cameroon,0.351,0.138,39.3162,1.966,1.828
2018-01-01,Central African Republic,0.689,0.016,2.3222,0.116,0.1
2018-01-01,Chad,0.65,0.069,10.6154,0.531,0.462
2018-01-01,Comoros,0.766,0.009,1.1749,0.059,0.05
2018-01-01,Congo,0.67,0.074,11.0448,0.552,0.478
2018-01-01,Côte d'Ivoire,0.899,0.514,57.1746,2.859,2.345
2018-01-01,Democratic Republic of the Congo,0.489,0.224,45.8078,2.29,2.066
2018-01-01,Djibouti,1.156,0.034,2.9412,0.147,0.113
2018-01-01,Egypt,1.352,4.734,350.1479,17.507,12.773
2018-01-01,Equatorial Guinea,0.624,0.07,11.2179,0.561,0.491
2018-01-01,Eritrea,0.644,0.013,2.0186,0.101,0.088
2018-01-01,Eswatini,3.494,0.138,3.9496,0.197,0.059
2018-01-01,Ethiopia,0.766,0.64,83.5509,4.178,3.538
2018-01-01,Gabon,1.609,0.242,15.0404,0.752,0.51
2018-01-01,Gambia,1.069,0.018,1.6838,0.084,0.066
2018-01-01,Ghana,1.341,0.877,65.399,3.27,2.393
2018-01-01,Guinea,0.617,0.079,12.8039,0.64,0.561
2018-01-01,Guinea-Bissau,0.536,0.008,1.4925,0.075,0.067
2018-01-01,Kenya,1.767,1.697,96.0385,4.802,3.105
2018-01-01,Lesotho,4.964,0.112,2.2562,0.113,0.001
2018-01-01,Libya,,,,,
2018-01-01,Madagascar,1.504,0.202,13.4309,0.672,0.47
2018-01-01,Malawi,1.68,0.187,11.131,0.557,0.37
2018-01-01,Mali,1.151,0.196,17.0287,0.851,0.655
2018-01-01,Mauritania,1.325,0.109,8.2264,0.411,0.302
2018-01-01,Mauritius,2.481,0.322,12.9786,0.649,0.327
2018-01-01,Morocco,1.988,2.526,127.0624,6.353,3.827
2018-01-01,Mozambique,1.807,0.253,14.0011,0.7,0.447
2018-01-01,Namibia,3.87,0.449,11.6021,0.58,0.131
2018-01-01,Niger,1.767,0.221,12.5071,0.625,0.404
2018-01-01,Nigeria,0.498,2.129,427.51,21.376,19.247
2018-01-01,Rwanda,2.342,0.225,9.6072,0.48,0.255
2018-01-01,Sao Tome and Principe,2.801,0.013,0.4641,0.023,0.01
2018-01-01,Senegal,1.119,0.259,23.1457,1.157,0.898
2018-01-01,Seychelles,3.681,0.049,1.3312,0.067,0.018
2018-01-01,Sierra Leone,0.769,0.03,3.9012,0.195,0.165
2018-01-01,South Africa,4.623,16.609,359.2689,17.963,1.354
2018-01-01,South Sudan,1.023,0.058,5.6696,0.283,0.225
2018-01-01,Sudan,1.039,0.381,36.6699,1.833,1.452
2018-01-01,Togo,1.02,0.072,7.0588,0.353,0.281
2018-01-01,Tunisia,3.12,1.433,45.9295,2.296,0.863
2018-01-01,Uganda,0.674,0.238,35.3116,1.766,1.528
2018-01-01,United Republic of Tanzania,1.563,0.914,58.4773,2.924,2.01
2018-01-01,Zambia,1.987,0.365,18.3694,0.918,0.553
2019-01-01,Africa,1.935,46.817,2419.4832,120.974,74.157
2019-01-01,Algeria,4.052,6.22,153.5044,7.675,1.455
2019-01-01,Angola,1.094,0.663,60.6033,3.03,2.367
2019-01-01,Benin,0.541,0.082,15.1571,0.758,0.676
2019-01-01,Botswana,4.373,0.715,16.3503,0.818,0.103
2019-01-01,Burkina Faso,2.224,0.392,17.6259,0.881,0.489
2019-01-01,Burundi,2.392,0.074,3.0936,0.155,0.081
2019-01-01,Cabo Verde Republic of,2.962,0.065,2.1945,0.11,0.045
2019-01-01,Cameroon,0.407,0.165,40.5405,2.027,1.862
2019-01-01,Central African Republic,0.819,0.019,2.3199,0.116,0.097
2019-01-01,Chad,0.699,0.077,11.0157,0.551,0.474
2019-01-01,Comoros,0.832,0.01,1.2019,0.06,0.05
2019-01-01,Congo,1.114,0.125,11.2208,0.561,0.436
2019-01-01,Côte d'Ivoire,0.938,0.58,61.8337,3.092,2.512
2019-01-01,Democratic Republic of the Congo,0.555,0.266,47.9279,2.396,2.13
2019-01-01,Djibouti,1.045,0.033,3.1579,0.158,0.125
2019-01-01,Egypt,1.297,4.794,369.6222,18.481,13.687
2019-01-01,Equatorial Guinea,0.646,0.068,10.5263,0.526,0.458
2019-01-01,Eritrea,0.785,0.017,2.1656,0.108,0.091
2019-01-01,Eswatini,3.421,0.138,4.0339,0.202,0.064
2019-01-01,Ethiopia,0.731,0.666,91.1081,4.555,3.889
2019-01-01,Gabon,1.67,0.261,15.6287,0.781,0.52
2019-01-01,Gambia,1.301,0.023,1.7679,0.088,0.065
2019-01-01,Ghana,1.384,0.964,69.6532,3.483,2.519
2019-01-01,Guinea,0.921,0.124,13.4636,0.673,0.549
2019-01-01,Guinea-Bissau,0.517,0.008,1.5474,0.077,0.069
2019-01-01,Kenya,2.009,2.027,100.896,5.045,3.018
2019-01-01,Lesotho,4.856,0.108,2.2241,0.111,0.003
2019-01-01,Libya,,,,,
2019-01-01,Madagascar,1.222,0.172,14.0753,0.704,0.532
2019-01-01,Malawi,1.674,0.197,11.7682,0.588,0.391
2019-01-01,Mali,1.312,0.234,17.8354,0.892,0.658
2019-01-01,Mauritania,1.217,0.106,8.7099,0.435,0.329
2019-01-01,Mauritius,2.838,0.379,13.3545,0.668,0.289
2019-01-01,Morocco,2.023,2.646,130.7958,6.54,3.894
2019-01-01,Mozambique,1.841,0.264,14.34,0.717,0.453
2019-01-01,Namibia,3.986,0.459,11.5153,0.576,0.117
2019-01-01,Niger,2.022,0.269,13.3037,0.665,0.396
2019-01-01,Nigeria,0.47,2.054,437.0213,21.851,19.797
2019-01-01,Rwanda,2.503,0.264,10.5473,0.527,0.263
2019-01-01,Sao Tome and Principe,2.374,0.011,0.4634,0.023,0.012
2019-01-01,Senegal,1.058,0.256,24.1966,1.21,0.954
2019-01-01,Seychelles,3.545,0.048,1.354,0.068,0.02
2019-01-01,Sierra Leone,1.239,0.051,4.1162,0.206,0.155
2019-01-01,South Africa,4.81,17.334,360.3742,18.019,0.685
2019-01-01,South Sudan,1.008,0.058,5.754,0.288,0.23
2019-01-01,Sudan,1.002,0.358,35.7285,1.786,1.428
2019-01-01,Togo,0.863,0.064,7.416,0.371,0.307
2019-01-01,Tunisia,2.811,1.311,46.6382,2.332,1.021
2019-01-01,Uganda,0.574,0.218,37.9791,1.899,1.681
2019-01-01,United Republic of Tanzania,1.572,0.983,62.5318,3.127,2.144
2019-01-01,Zambia,2.137,0.398,18.6242,0.931,0.533
2020-01-01,Africa,2.099,49.92,2378.2754,118.914,68.994
2020-01-01,Algeria,4.009,5.839,145.6473,7.282,1.443
2020-01-01,Angola,1.249,0.713,57.0857,2.854,2.141
2020-01-01,Benin,0.869,0.136,15.6502,0.783,0.647
2020-01-01,Botswana,4.622,0.69,14.9286,0.746,0.056
2020-01-01,Burkina Faso,2.826,0.507,17.9406,0.897,0.39
2020-01-01,Burundi,2.404,0.074,3.0782,0.154,0.08
2020-01-01,Cabo Verde Republic of,3.38,0.063,1.8639,0.093,0.03
2020-01-01,Cameroon,0.613,0.251,40.9462,2.047,1.796
2020-01-01,Central African Republic,1.216,0.029,2.3849,0.119,0.09
2020-01-01,Chad,0.927,0.1,10.7875,0.539,0.439
2020-01-01,Comoros,0.774,0.009,1.1628,0.058,0.049
2020-01-01,Congo,1.897,0.199,10.4902,0.525,0.326
2020-01-01,Côte d'Ivoire,1.108,0.697,62.9061,3.145,2.448
2020-01-01,Democratic Republic of the Congo,0.651,0.317,48.6943,2.435,2.118
2020-01-01,Djibouti,1.079,0.034,3.1511,0.158,0.124
2020-01-01,Egypt,1.326,5.073,382.5792,19.129,14.056
2020-01-01,Equatorial Guinea,0.838,0.085,10.1432,0.507,0.422
2020-01-01,Eritrea,0.835,0.018,2.1557,0.108,0.09
2020-01-01,Eswatini,3.436,0.137,3.9872,0.199,0.062
2020-01-01,Ethiopia,0.983,0.949,96.5412,4.827,3.878
2020-01-01,Gabon,1.9,0.291,15.3158,0.766,0.475
2020-01-01,Gambia,1.378,0.025,1.8142,0.091,0.066
2020-01-01,Ghana,1.942,1.359,69.9794,3.499,2.14
2020-01-01,Guinea,1.047,0.148,14.1356,0.707,0.559
2020-01-01,Guinea-Bissau,0.689,0.01,1.4514,0.073,0.063
2020-01-01,Kenya,2.041,2.055,100.6859,5.034,2.979
2020-01-01,Lesotho,5.884,0.126,2.1414,0.107,-0.019
2020-01-01,Libya,,,,,
2020-01-01,Madagascar,1.438,0.188,13.0737,0.654,0.466
2020-01-01,Malawi,1.97,0.233,11.8274,0.591,0.358
2020-01-01,Mali,1.468,0.259,17.6431,0.882,0.623
2020-01-01,Mauritania,1.271,0.109,8.5759,0.429,0.32
2020-01-01,Mauritius,3.33,0.38,11.4114,0.571,0.191
2020-01-01,Morocco,2.466,2.993,121.3706,6.069,3.076
2020-01-01,Mozambique,2.397,0.339,14.1427,0.707,0.368
2020-01-01,Namibia,4.419,0.468,10.5906,0.53,0.062
2020-01-01,Niger,2.341,0.322,13.7548,0.688,0.366
2020-01-01,Nigeria,0.506,2.173,429.4466,21.472,19.299
2020-01-01,Rwanda,2.969,0.302,10.1718,0.509,0.207
2020-01-01,Sao Tome and Principe,2.488,0.012,0.4823,0.024,0.012
2020-01-01,Senegal,1.722,0.422,24.5064,1.225,0.803
2020-01-01,Seychelles,5.141,0.065,1.2643,0.063,-0.002
2020-01-01,Sierra Leone,1.36,0.055,4.0441,0.202,0.147
2020-01-01,South Africa,5.296,17.876,337.5378,16.877,-0.999
2020-01-01,South Sudan,0.522,0.028,5.364,0.268,0.24
2020-01-01,Sudan,1.03,0.355,34.466,1.723,1.368
2020-01-01,Togo,1.244,0.094,7.5563,0.378,0.284
2020-01-01,Tunisia,3.72,1.582,42.5269,2.126,0.544
2020-01-01,Uganda,0.671,0.252,37.5559,1.878,1.626
2020-01-01,United Republic of Tanzania,1.577,1.034,65.5675,3.278,2.244
2020-01-01,Zambia,2.442,0.442,18.0999,0.905,0.463
